{"_step":14,"train_total_loss":0.0025573864461541492,"epoch":14,"train_physics_loss":0.0032512538623227106,"_runtime":2083,"train_data_loss":0.0022322610599218784,"_wandb":{"runtime":2083},"val_loss":0.00201971667399449,"_timestamp":1.7695390390538104e+09}